,oficial_mensual,promedio_diaria,cierre_diaria,dif_vs_promedio,dif_vs_cierre
2003-01-01,722.4777273,722.4777272727273,734.34,2.7272676561551634e-08,11.862272700000062
2003-02-01,745.2135,745.2135000000001,753.54,1.1368683772161603e-13,8.32650000000001
2003-03-01,743.2833333,743.2833333333334,727.36,3.3333435567328706e-08,15.923333299999967
2003-04-01,718.2533333,718.2533333333333,705.32,3.3333321880490985e-08,12.933333299999958
2003-05-01,703.58,703.58,710.12,0.0,6.539999999999964
2003-06-01,709.1845,709.1845000000001,697.23,1.1368683772161603e-13,11.954499999999939
2003-07-01,701.1404348,701.1404347826086,705.64,1.7391357687301934e-08,4.499565200000006
2003-08-01,703.7725,703.7725,699.39,0.0,4.38250000000005
2003-09-01,675.442,675.442,665.13,0.0,10.312000000000012
2003-10-01,646.0695652,646.0695652173913,628.1,1.7391244000464212e-08,17.969565200000034
2003-11-01,625.467,625.467,624.51,0.0,0.9569999999999936
2003-12-01,602.9045,602.9045,599.42,0.0,3.4845000000000255
2004-01-01,573.6414286,573.6414285714285,596.78,2.8571548682521097e-08,23.138571399999933
2004-02-01,584.306,584.3059999999999,594.32,1.1368683772161603e-13,10.01400000000001
2004-03-01,603.9121739,603.9121739130435,623.21,1.304351826547645e-08,19.297826100000066
2004-04-01,608.1871429,608.1871428571428,624.84,4.2857209336943924e-08,16.652857100000006
2004-05-01,635.7575,635.7574999999999,632.32,1.1368683772161603e-13,3.4375
2004-06-01,643.4965,643.4965,636.59,0.0,6.906499999999937
2004-07-01,632.3936364,632.3936363636363,638.37,3.636364453996066e-08,5.976363600000013
2004-08-01,635.9318182,635.9318181818181,628.95,1.818182226998033e-08,6.981818199999907
2004-09-01,616.5519048,616.5519047619048,606.96,3.8095208765298594e-08,9.591904799999952
2004-10-01,607.2785,607.2785,615.2,0.0,7.921500000000037
2004-11-01,596.72,596.72,588.18,0.0,8.540000000000077
2004-12-01,576.17,576.17,559.83,0.0,16.339999999999918
2005-01-01,574.1195238,574.1195238095238,586.18,9.523773769615218e-09,12.060476199999925
2005-02-01,573.584,573.5840000000001,577.52,1.1368683772161603e-13,3.9360000000000355
2005-03-01,586.4827273,586.4827272727273,586.45,2.7272676561551634e-08,0.032727299999919524
2005-04-01,580.4557143,580.4557142857143,582.87,1.4285660654422827e-08,2.4142857000000504
2005-05-01,578.3090476,578.3090476190476,580.2,1.9047661226068158e-08,1.8909524000000602
2005-06-01,585.4733333,585.4733333333334,578.92,3.3333321880490985e-08,6.553333300000077
2005-07-01,575.7661905,575.7661904761904,563.44,2.3809548110875767e-08,12.326190499999939
2005-08-01,546.6095455,546.6095454545455,545.02,4.5454498831531964e-08,1.5895454999999856
2005-09-01,536.7004762,536.7004761904763,533.69,9.523773769615218e-09,3.010476199999971
2005-10-01,535.497,535.4970000000001,543.72,1.1368683772161603e-13,8.22300000000007
2005-11-01,529.8814286,529.8814285714286,518.96,2.8571434995683376e-08,10.921428600000013
2005-12-01,514.3309524,514.3309523809525,514.21,1.9047547539230436e-08,0.12095239999996465
2006-01-01,524.4768182,524.4768181818182,524.78,1.818182226998033e-08,0.30318179999994754
2006-02-01,525.7045,525.7045,517.76,0.0,7.944500000000062
2006-03-01,528.7708696,528.7708695652174,527.7,3.4782601687766146e-08,1.0708695999999236
2006-04-01,517.3263158,517.3263157894737,518.62,1.0526264304644428e-08,1.2936842000000297
2006-05-01,520.7940909,520.7940909090909,531.11,9.090854291571304e-09,10.315909099999999
2006-06-01,542.46,542.46,547.31,0.0,4.849999999999909
2006-07-01,540.6204762,540.6204761904762,539.41,9.523773769615218e-09,1.2104762000000164
2006-08-01,538.5272727,538.5272727272727,537.77,2.7272676561551634e-08,0.7572727000000441
2006-09-01,538.6526316,538.6526315789473,538.22,2.1052642296126578e-08,0.4326315999999224
2006-10-01,530.9547619,530.9547619047619,525.99,4.761886884807609e-09,4.964761899999985
2006-11-01,527.4371429,527.4371428571428,529.29,4.2857209336943924e-08,1.8528570999999374
2006-12-01,527.5821053,527.5821052631578,534.43,3.684215243993094e-08,6.8478946999999835
2007-01-01,540.51,540.51,545.18,0.0,4.669999999999959
2007-02-01,542.2665,542.2665,538.42,0.0,3.846499999999992
2007-03-01,538.4877273,538.4877272727273,539.37,2.7272676561551634e-08,0.8822727000000441
2007-04-01,532.301,532.301,527.08,0.0,5.221000000000004
2007-05-01,522.0161905,522.0161904761904,527.52,2.3809548110875767e-08,5.5038094999999885
2007-06-01,526.7190476,526.7190476190476,527.46,1.9047661226068158e-08,0.7409524000000829
2007-07-01,519.8045,519.8045,523.08,0.0,3.275500000000079
2007-08-01,522.9227273,522.9227272727272,524.63,2.7272790248389356e-08,1.7072726999999759
2007-09-01,516.9111765,516.9111764705882,511.72,2.941180810012156e-08,5.191176499999983
2007-10-01,501.4427273,501.44272727272727,494.64,2.7272733404970495e-08,6.802727300000015
2007-11-01,506.9514286,506.95142857142855,508.47,2.8571434995683376e-08,1.5185714000000416
2007-12-01,499.2768421,499.27684210526314,495.82,5.263132152322214e-09,3.456842100000017
2008-01-01,480.8963636,480.8963636363636,465.3,3.636364453996066e-08,15.596363599999961
2008-02-01,467.2171429,467.21714285714285,458.02,4.2857152493525064e-08,9.197142900000017
2008-03-01,442.942,442.942,439.09,0.0,3.8520000000000323
2008-04-01,446.4336364,446.4336363636364,459.16,3.63635876965418e-08,12.726363600000013
2008-05-01,470.1,470.1,479.66,0.0,9.560000000000002
2008-06-01,493.612381,493.612380952381,520.14,4.761903937833267e-08,26.52761899999996
2008-07-01,502.2413636,502.2413636363636,502.78,3.63635876965418e-08,0.538636399999973
2008-08-01,516.702,516.702,516.47,0.0,0.2319999999999709
2008-09-01,530.17,530.17,552.47,0.0,22.300000000000068
2008-10-01,618.3945455,618.3945454545454,664.96,4.5454612518369686e-08,46.56545449999999
2008-11-01,651.5055,651.5055,659.43,0.0,7.924499999999966
2008-12-01,649.3165,649.3165,629.11,0.0,20.206500000000005
2009-01-01,623.007619,623.0076190476191,612.43,4.7619096221751533e-08,10.577619000000027
2009-02-01,605.998,605.998,595.76,0.0,10.238000000000056
2009-03-01,592.9313636,592.9313636363636,582.1,3.636353085312294e-08,10.831363600000032
2009-04-01,583.1757143,583.1757142857143,588.62,1.4285660654422827e-08,5.444285700000023
2009-05-01,565.7178947,565.717894736842,564.64,3.684203875309322e-08,1.0778947000000016
2009-06-01,553.08,553.08,529.07,0.0,24.00999999999999
2009-07-01,540.4204545,540.4204545454545,541.9,4.5454498831531964e-08,1.479545499999972
2009-08-01,546.8842857,546.8842857142857,550.64,1.4285774341260549e-08,3.7557143000000224
2009-09-01,549.0709524,549.0709523809523,546.07,1.9047661226068158e-08,3.00095239999996
2009-10-01,545.8328571,545.8328571428572,531.74,4.2857209336943924e-08,14.092857099999947
2009-11-01,507.7814286,507.7814285714286,495.84,2.8571434995683376e-08,11.941428600000052
2009-12-01,501.45,501.45,506.43,0.0,4.980000000000018
2010-01-01,500.6625,500.6625,531.75,0.0,31.087499999999977
2010-02-01,532.557,532.557,529.69,0.0,2.866999999999962
2010-03-01,523.1626087,523.1626086956521,526.29,4.3478394218254834e-09,3.1273912999999993
2010-04-01,520.6242857,520.6242857142857,520.99,1.4285774341260549e-08,0.365714300000036
2010-05-01,533.2065,533.2065,529.23,0.0,3.9764999999999873
2010-06-01,536.6680952,536.6680952380952,543.09,3.8095208765298594e-08,6.421904799999993
2010-07-01,531.7214286,531.7214285714285,522.36,2.8571434995683376e-08,9.361428599999954
2010-08-01,509.3240909,509.3240909090909,499.26,9.090911134990165e-09,10.064090899999997
2010-09-01,493.933,493.933,485.23,0.0,8.702999999999975
2010-10-01,484.0415,484.0415,491.76,0.0,7.718500000000006
2010-11-01,482.3166667,482.31666666666666,486.39,3.3333321880490985e-08,4.073333300000002
2010-12-01,474.7780952,474.77809523809526,468.37,3.8095265608717455e-08,6.408095199999991
2011-01-01,489.4409524,489.4409523809524,483.32,1.9047604382649297e-08,6.1209524000000215
2011-02-01,475.691,475.691,475.63,0.0,0.06099999999997863
2011-03-01,479.6521739,479.6521739130435,482.08,1.304351826547645e-08,2.4278261000000043
2011-04-01,471.32,471.32,460.04,0.0,11.279999999999973
2011-05-01,467.7286364,467.7286363636364,467.31,3.636364453996066e-08,0.41863640000002533
2011-06-01,469.4119048,469.41190476190474,471.13,3.8095265608717455e-08,1.7180951999999934
2011-07-01,462.9371429,462.9371428571429,455.91,4.2857152493525064e-08,7.027142900000001
2011-08-01,466.7904545,466.7904545454545,465.66,4.5454498831531964e-08,1.1304544999999848
2011-09-01,483.6938095,483.69380952380953,515.14,2.3809548110875767e-08,31.4461905
2011-10-01,511.7442105,511.7442105263158,492.04,2.6315774448448792e-08,19.704210499999988
2011-11-01,508.437619,508.4376190476191,524.25,4.7619096221751533e-08,15.812381000000016
2011-12-01,517.1719048,517.1719047619048,521.46,3.8095208765298594e-08,4.288095200000043
2012-01-01,501.3395455,501.33954545454543,488.99,4.5454555674950825e-08,12.349545499999977
2012-02-01,481.4885714,481.48857142857145,477.41,2.8571434995683376e-08,4.078571399999987
2012-03-01,485.3954545,485.3954545454546,489.76,4.5454555674950825e-08,4.364545499999963
2012-04-01,486.001,486.00100000000003,483.41,5.684341886080802e-14,2.5909999999999513
2012-05-01,497.0880952,497.08809523809526,517.91,3.8095265608717455e-08,20.82190479999997
2012-06-01,505.6280952,505.6280952380953,509.73,3.8095265608717455e-08,4.1019048
2012-07-01,491.9345,491.9345,482.83,0.0,9.10450000000003
2012-08-01,480.9940909,480.99409090909097,481.17,9.090967978409026e-09,0.17590910000001259
2012-09-01,474.9717647,474.9717647058824,470.48,5.882384357391857e-09,4.491764699999976
2012-10-01,475.3627273,475.3627272727272,480.03,2.7272790248389356e-08,4.667272699999955
2012-11-01,480.5705,480.5705,479.42,0.0,1.1504999999999654
2012-12-01,477.1284211,477.1284210526316,478.6,4.736841674457537e-08,1.4715788999999972
2013-01-01,472.6686364,472.6686363636363,471.4,3.636370138337952e-08,1.268636400000048
2013-02-01,472.3445,472.3445,473.3,0.0,0.9555000000000291
2013-03-01,472.484,472.48400000000004,472.54,5.684341886080802e-14,0.05600000000004002
2013-04-01,472.1372727,472.1372727272728,471.54,2.7272790248389356e-08,0.5972726999999622
2013-05-01,479.5828571,479.5828571428571,492.8,4.28570956501062e-08,13.217142899999999
2013-06-01,502.886,502.88599999999997,503.86,5.684341886080802e-14,0.9739999999999895
2013-07-01,504.9622727,504.9622727272727,514.34,2.7272676561551634e-08,9.377727300000004
2013-08-01,512.5885714,512.5885714285714,511.65,2.8571434995683376e-08,0.9385714000000007
2013-09-01,504.57,504.57,502.97,0.0,1.599999999999966
2013-10-01,500.8063636,500.80636363636364,508.58,3.636364453996066e-08,7.773636399999987
2013-11-01,519.25,519.25,528.19,0.0,8.940000000000055
2013-12-01,529.4505,529.4505,523.76,0.0,5.690500000000043
2014-01-01,537.0295455,537.0295454545454,547.22,4.5454612518369686e-08,10.190454499999987
2014-02-01,554.4085,554.4085,563.32,0.0,8.911500000000046
2014-03-01,563.8433333,563.8433333333332,550.53,3.333320819365326e-08,13.313333300000068
2014-04-01,554.6409524,554.6409523809523,560.56,1.9047661226068158e-08,5.919047599999999
2014-05-01,555.402,555.402,548.04,0.0,7.36200000000008
2014-06-01,553.0633333,553.0633333333333,550.6,3.3333321880490985e-08,2.463333299999931
2014-07-01,558.2081818,558.2081818181819,570.51,1.818182226998033e-08,12.301818199999957
2014-08-01,579.052,579.052,593.28,0.0,14.227999999999952
2014-09-01,593.47,593.4680000000001,601.66,0.0019999999999527063,8.18999999999994
2014-10-01,589.98,589.98,576.65,0.0,13.330000000000041
2014-11-01,592.46,592.4595,598.94,0.0004999999999881766,6.480000000000018
2014-12-01,612.92,612.919,607.38,0.0009999999999763531,5.539999999999964
2015-01-01,620.91,620.9095238095239,626.48,0.00047619047609259724,5.57000000000005
2015-02-01,623.6175,623.6175000000001,617.67,1.1368683772161603e-13,5.947499999999991
2015-03-01,628.5,628.5031818181818,626.87,0.003181818181815288,1.6299999999999955
2015-04-01,614.73,614.7276190476191,606.82,0.0023809523809177335,7.909999999999968
2015-05-01,607.6,607.5968421052631,617.45,0.0031578947368871013,9.850000000000023
2015-06-01,629.99,629.9947619047618,634.58,0.004761904761835467,4.590000000000032
2015-07-01,650.14,650.1395454545454,672.19,0.00045454545454504114,22.050000000000068
2015-08-01,688.12,688.1157142857143,690.12,0.00428571428574287,2.0
2015-09-01,691.73,691.7290476190476,704.68,0.0009523809524125681,12.949999999999932
2015-10-01,685.31,685.3142857142857,690.34,0.00428571428574287,5.030000000000086
2015-11-01,704.002380952381,704.002380952381,712.63,0.0,8.627619047618964
2015-12-01,704.24,704.238,707.34,0.0019999999999527063,3.1000000000000227
2016-01-01,721.95,721.9480000000001,711.72,0.0019999999999527063,10.230000000000018
2016-02-01,704.08,704.084761904762,689.18,0.004761904761949154,14.900000000000091
2016-03-01,682.07,682.0677272727272,675.1,0.0022727272728388925,6.970000000000027
2016-04-01,669.93,669.932380952381,663.4,0.0023809523810314204,6.529999999999973
2016-05-01,681.87,681.8704545454545,690.27,0.00045454545454504114,8.399999999999977
2016-06-01,681.07,681.0719047619048,661.49,0.0019047619047114495,19.58000000000004
2016-07-01,657.57,657.5671428571428,664.94,0.0028571428572377044,7.3700000000000045
2016-08-01,658.89,658.8904545454545,673.17,0.00045454545454504114,14.279999999999973
2016-09-01,668.63,668.632380952381,659.08,0.0023809523810314204,9.549999999999955
2016-10-01,663.92,663.922105263158,651.65,0.0021052631580005254,12.269999999999982
2016-11-01,666.12,666.117619047619,675.48,0.0023809523810314204,9.360000000000014
2016-12-01,667.17,667.1680952380952,667.29,0.0019047619047114495,0.12000000000000455
2017-01-01,661.19,661.1942857142857,648.87,0.004285714285629183,12.32000000000005
2017-02-01,643.21,643.2095,645.19,0.0004999999999881766,1.9800000000000182
2017-03-01,661.2,661.2026086956522,662.66,0.0026086956521567117,1.4599999999999227
2017-04-01,655.74,655.7433333333333,664.28,0.0033333333333303017,8.539999999999964
2017-05-01,671.54,671.5395454545454,675.31,0.00045454545454504114,3.769999999999982
2017-06-01,665.15,665.1533333333334,663.21,0.0033333333334439885,1.9399999999999409
2017-07-01,658.17,658.1714285714286,651.58,0.0014285714286188522,6.589999999999918
2017-08-01,644.24,644.2418181818182,628.36,0.0018181818181801646,15.879999999999995
2017-09-01,625.54,625.5415789473685,636.85,0.0015789473685572375,11.31000000000006
2017-10-01,629.55,629.5465,636.49,0.003499999999917236,6.940000000000055
2017-11-01,633.77,633.7676190476191,642.41,0.0023809523809177335,8.639999999999986
2017-12-01,636.92,636.9236842105263,615.22,0.0036842105263303893,21.699999999999932
2018-01-01,605.53,605.5286363636363,604.42,0.0013636363636351234,1.1100000000000136
2018-02-01,596.84,596.839,589.15,0.0009999999999763531,7.690000000000055
2018-03-01,603.45,603.4452380952381,605.26,0.004761904761949154,1.8099999999999454
2018-04-01,600.55,600.547619047619,605.74,0.0023809523809177335,5.190000000000055
2018-05-01,626.12,626.1190476190476,628.33,0.0009523809524125681,2.2100000000000364
2018-06-01,636.15,636.1461904761904,647.95,0.0038095238095365858,11.800000000000068
2018-07-01,652.41,652.4069999999999,638.79,0.0030000000000427463,13.620000000000005
2018-08-01,656.25,656.2509090909091,675.38,0.0009090909090900823,19.129999999999995
2018-09-01,680.91,680.9147058823529,661.5,0.0047058823529368965,19.409999999999968
2018-10-01,676.84,676.8409090909091,693.31,0.0009090909090900823,16.469999999999914
2018-11-01,677.61,677.612,669.43,0.0019999999999527063,8.180000000000064
2018-12-01,681.99,681.9868421052631,695.69,0.0031578947368871013,13.700000000000045
2019-01-01,677.06,677.0618181818182,666.76,0.0018181818182938514,10.299999999999955
2019-02-01,656.3,656.3045,649.92,0.004500000000007276,6.3799999999999955
2019-03-01,667.68,667.6785714285714,681.09,0.0014285714285051654,13.410000000000082
2019-04-01,667.4,667.3990476190476,677.67,0.0009523809524125681,10.269999999999982
2019-05-01,692.0,692.0038095238095,707.86,0.0038095238095365858,15.860000000000014
2019-06-01,692.41,692.409,679.86,0.0009999999999763531,12.549999999999955
2019-07-01,686.06,686.0595454545454,699.98,0.00045454545454504114,13.920000000000073
2019-08-01,713.7,713.7033333333334,720.65,0.0033333333333303017,6.949999999999932
2019-09-01,718.44,718.4422222222222,725.68,0.00222222222214441,7.239999999999895
2019-10-01,721.03,721.0322727272727,726.34,0.0022727272727252057,5.310000000000059
2019-11-01,776.53,776.53,828.25,0.0,51.72000000000003
2019-12-01,770.3905,770.3905,744.62,0.0,25.77049999999997
2020-01-01,772.647727272727,772.6477272727273,797.96,2.2737367544323206e-13,25.31227272727301
2020-02-01,796.38,796.3795,816.26,0.0004999999999881766,19.879999999999995
2020-03-01,839.375454545455,839.3754545454544,846.3,5.684341886080801e-13,6.924545454544955
2020-04-01,853.379047619048,853.3790476190476,836.62,4.547473508864641e-13,16.759047619048033
2020-05-01,821.805263157895,821.8052631578947,812.74,2.2737367544323206e-13,9.065263157894947
2020-06-01,793.718095238095,793.7180952380953,816.36,3.410605131648481e-13,22.64190476190504
2020-07-01,784.729090909091,784.7290909090909,754.45,1.1368683772161603e-13,30.279090909090996
2020-08-01,784.661904761905,784.6619047619048,779.92,2.2737367544323206e-13,4.741904761905062
2020-09-01,773.402380952381,773.402380952381,784.46,0.0,11.057619047619028
2020-10-01,788.267142857143,788.2671428571429,770.45,1.1368683772161603e-13,17.817142857142926
2020-11-01,762.88,762.884761904762,766.69,0.004761904761949154,3.810000000000059
2020-12-01,734.733,734.733,711.24,0.0,23.492999999999938
2021-01-01,723.556,723.5559999999999,741.4,1.1368683772161603e-13,17.843999999999937
2021-02-01,722.6265,722.6265000000001,708.04,1.1368683772161603e-13,14.586500000000001
2021-03-01,726.366086956522,726.3660869565217,732.11,3.410605131648481e-13,5.74391304347796
2021-04-01,707.845238095238,707.8452380952381,705.09,1.1368683772161603e-13,2.755238095237928
2021-05-01,712.2595,712.2595,724.92,0.0,12.660499999999956
2021-06-01,726.5445,726.5445,735.28,0.0,8.735500000000002
2021-07-01,750.440476190476,750.4404761904761,758.53,1.1368683772161603e-13,8.08952380952394
2021-08-01,779.828181818182,779.8281818181819,779.97,1.1368683772161603e-13,0.14181818181805284
2021-09-01,783.62619047619,783.6261904761906,803.59,5.684341886080801e-13,19.963809523810028
2021-10-01,813.9505,813.9505,805.47,0.0,8.480500000000006
2021-11-01,812.624761904762,812.6247619047618,836.73,1.1368683772161603e-13,24.105238095238064
2021-12-01,849.121904761905,849.1219047619048,850.25,1.1368683772161603e-13,1.1280952380950566
2022-01-01,822.05,822.05,810.12,0.0,11.92999999999995
2022-02-01,807.068,807.068,805.25,0.0,1.8179999999999836
2022-03-01,799.187391304348,799.1873913043479,787.16,1.1368683772161603e-13,12.027391304348043
2022-04-01,815.123,815.123,856.58,0.0,41.456999999999994
2022-05-01,849.39,849.3900000000001,826.26,1.1368683772161603e-13,23.129999999999995
2022-06-01,857.7695,857.7695,919.97,0.0,62.200500000000034
2022-07-01,953.706190476191,953.7061904761906,911.42,3.410605131648481e-13,42.286190476190995
2022-08-01,904.352272727273,904.3522727272727,882.11,2.2737367544323206e-13,22.24227272727296
2022-09-01,921.0075,921.0075,966.0,0.0,44.99249999999995
2022-10-01,955.894736842105,955.8947368421053,945.31,3.410605131648481e-13,10.58473684210503
2022-11-01,917.052857142857,917.0528571428572,905.7,2.2737367544323206e-13,11.35285714285692
2022-12-01,875.661428571429,875.6614285714286,859.51,4.547473508864641e-13,16.15142857142905
2023-01-01,826.335714285714,826.3357142857143,810.37,3.410605131648481e-13,15.965714285713943
2023-02-01,798.2575,798.2574999999999,831.24,1.1368683772161603e-13,32.98249999999996
2023-03-01,809.503913043478,809.5039130434783,789.32,3.410605131648481e-13,20.1839130434779
2023-04-01,803.836842105263,803.8368421052631,801.61,1.1368683772161603e-13,2.2268421052630174
2023-05-01,798.635454545455,798.6354545454545,803.94,4.547473508864641e-13,5.304545454545064
2023-06-01,799.8725,799.8725000000001,802.68,1.1368683772161603e-13,2.8075000000000045
2023-07-01,813.397142857143,813.3971428571429,827.84,1.1368683772161603e-13,14.442857142857065
2023-08-01,855.659545454545,855.6595454545455,854.22,5.684341886080801e-13,1.439545454544941
2023-09-01,884.403684210526,884.4036842105262,906.84,2.2737367544323206e-13,22.436315789474065
2023-10-01,926.347,926.347,910.28,0.0,16.067000000000007
2023-11-01,886.614285714286,886.6142857142858,867.86,2.2737367544323206e-13,18.75428571428597
2023-12-01,874.665789473684,874.6657894736843,884.59,3.410605131648481e-13,9.924210526316074
2024-01-01,907.986818181818,907.9868181818182,932.66,2.2737367544323206e-13,24.673181818182
2024-02-01,963.442380952381,963.442380952381,980.19,0.0,16.747619047619082
2024-03-01,967.9325,967.9325000000001,982.38,1.1368683772161603e-13,14.447499999999991
2024-04-01,960.138181818182,960.1381818181818,943.62,2.2737367544323206e-13,16.51818181818203
2024-05-01,917.877142857143,917.8771428571428,917.98,2.2737367544323206e-13,0.10285714285703307
2024-06-01,926.081052631579,926.081052631579,951.02,0.0,24.93894736842094
2024-07-01,937.560909090909,937.5609090909091,956.58,1.1368683772161603e-13,19.019090909091005
2024-08-01,929.895238095238,929.895238095238,917.38,0.0,12.515238095238033
2024-09-01,926.214444444444,926.2144444444444,896.25,4.547473508864641e-13,29.964444444443984
2024-10-01,933.812272727273,933.8122727272727,950.89,3.410605131648481e-13,17.077727272726975
2024-11-01,971.6,971.6,977.32,0.0,5.720000000000027
2024-12-01,982.296,982.2959999999999,992.12,1.1368683772161603e-13,9.823999999999955
